atomicnumber;group;period;symbol;elementname;groupname;color;url;excerpt
1;1;1;H;Hidrogen\n1.0078;Golongan IA;#3182bd;https://www.innerdoc.com/periodic-table-of-nlp-tasks/01-bits-to-character-encoding;Hidrogen, atau kadang disebut zat air,adalah unsur kimia pada tabel periodik yang memiliki simbol H dan nomor atom 1. Pada suhu dan tekanan standar, hidrogen tidak berwarna, tidak berbau,bersifat non-logam,bervalensi tunggal,dan merupakan gas diatomik yang sangat mudah terbakar. Titik didih: -252,9°C Titik lebur:-259,1°C Massa atom relative : 1,00784
3;1;2;Li;Litium\n6.9410;Golongan IA;#6baed6;https://www.innerdoc.com/periodic-table-of-nlp-tasks/02-manual-typewriting;Litium berasal dari bahasa Yunani: λίθος lithos, yang berarti "batu". Ini adalah logam alkali lunak berwarna putih keperakan.   Titik lebur:180.54°C (453.69 K)    Titik didih:1342°C (1615.15 K)     Massa atom relative : 6.941 gram/mol
11;1;3;Na;Natrium\n22.990\n;Golongan IA;#6baed6;https://www.innerdoc.com/periodic-table-of-nlp-tasks/03-loading-structured-datafile;Natrium Ini adalah logam lunak, putih keperakan, dan sangat reaktif. Titik didih:882.85°C (1156 K) Titik lebur:97.79°C (370.94 K)
19;1;4;K;Kalium\n39.098;Golongan IA;#6baed6;https://www.innerdoc.com/periodic-table-of-nlp-tasks/04-generating-a-corpus; Kalium, atau juga disebut potasium, adalah suatu unsur kimia dalam tabel periodik yang memiliki lambang K dan nomor atom 19. Dari bahasa Neo-Latin kalium. Ia pertama kali diisolasi dari potas, abu tanaman, asal nama bahasa Inggrisnya. Dalam tabel periodik, kalium adalah salah satu logam alkali. Titik lebur:63.5°C (336.65 K) Titik didih:758.85°C (1032 K)
37;1;5;Rb;Rubidium\n85.468;Golongan IA;#6baed6;https://www.innerdoc.com/periodic-table-of-nlp-tasks/05-loading-from-api; Rubidium adalah sebuah unsur kimia dengan lambang Rb dan nomor atom 37. Rubidium adalah sebuah logam abu-abu keputihan yang sangat lunak dalam golongan logam alkali. Logam rubidium memiliki kesamaan dengan logam kalium dan logam sesium dalam penampilan fisik, kelembutan dan konduktivitas. Titik lebur:39.48°C (312.63 K) Titik didih:688°C (961.15 K)
55;1;6;Cs;Sesium\n132.91;Golongan IA;#6baed6;https://www.innerdoc.com/periodic-table-of-nlp-tasks/06-text-and-file-scraping; Sesium adalah sebuah unsur kimia dengan lambang Cs dan nomor atom 55. Sesium adalah sebuah logam alkali lunak dengan warna keemasan-keperakan yang memiliki titik lebur 28,5 °C dan menjadikannya salah satu dari hanya lima unsur logam yang berwujud cair pada atau mendekati suhu kamar. Titik lebur:28.44°C (301.59 K) Titik didih:670.85°C (944 K)
87;1;7;Fr;Fransium\n223;Golongan IA;#6baed6;https://www.innerdoc.com/periodic-table-of-nlp-tasks/07-text-extraction-and-ocr;Fransium adalah sebuah unsur kimia dengan lambang Fr dan nomor atom 87. Ia sangatlah radioaktif. isotopnya yang paling stabil, fransium-223, memiliki waktu paruh hanya 22 menit. Ia merupakan unsur paling elektropositif kedua, setelah sesium, dan unsur alami paling langka kedua.Titik lebur:27°C (300.15 K) Titik didih:677°C (950.15 K)
4;2;2;Be;Berilium\n9.0122;Golongan IIA;#9ecae1;https://www.innerdoc.com/periodic-table-of-nlp-tasks/08-manual-annotation;Berilium adalah sebuah unsur kimia dengan lambang Be dan nomor atom 4. Ia adalah logam alkali tanah berwarna abu-abu-baja yang kuat, ringan, rapuh. Ia adalah unsur divalen yang terjadi secara alami hanya dalam kombinasi dengan unsur lain untuk membentuk mineral.  Titik lebur:1286.85°C (1560 K)  Titik didih:2469°C (2742.15 K)
12;2;3;Mg;Magnesium\n24.305;Golongan IIA;#9ecae1;https://www.innerdoc.com/periodic-table-of-nlp-tasks/09-annotation-with-active-learning;Magnesium adalah suatu unsur kimia dalam tabel periodik yang memiliki lambang Mg dan nomor atom 12. Ia berupa padatan abu-abu mengkilap yang memiliki kemiripan fisik dengan lima unsur lainnya pada kolom kedua (golongan 2, atau logam alkali tanah) tabel periodik: semua unsur golongan 2 memiliki konfigurasi elektron yang sama pada kelopak elektron terluar dan struktur kristal yang serupa.    Titik lebur:650°C (923.15 K)  Titik didih:1091°C (1364.15 K)
20;2;4;Ca;Kalsium\n40.078;Golongan IIA;#9ecae1;https://www.innerdoc.com/periodic-table-of-nlp-tasks/10-training-data-provider;Kalsium atau zat kapur adalah sebuah unsur kimia dengan lambang Ca dan nomor atom 20. Sebagai logam alkali tanah, kalsium merupakan logam reaktif yang membentuk lapisan oksida-nitrida gelap bila terpapar udara. Sifat fisik dan kimianya paling mirip dengan homolognya yang lebih berat, stronsium dan barium. Titik lebur:842°C (1115.15 K) Titik didih:1483.85°C (1757 K)
38;2;5;Sr;Stronsium\n87.620;Golongan IIA;#9ecae1;https://www.innerdoc.com/periodic-table-of-nlp-tasks/11-crowdsourcing-marketplace;Stronsium adalah sebuah unsur kimia dengan lambang Sr dan nomor atom 38. Strontium merupakan logam alkali tanah dengan tekstur yang lunak dan berwarna putih keperakan kekuningan yang sangat reaktif secara kimiawi. Logam stronsium membentuk lapisan oksida gelap ketika terkena udara.Titik lebur:777°C (1050.15 K) Titik didih:1381.85°C (1655 K)
56;2;6;Ba;Barium\n137.33;Golongan IIA;#9ecae1;https://www.innerdoc.com/periodic-table-of-nlp-tasks/12-textual-data-augmentation;Barium adalah suatu unsur kimia dalam tabel periodik yang memiliki lambang Ba dan nomor atom 56. Barium adalah unsur kelima pada golongan 2 dan merupakan logam alkali tanah yang lunak dan keperakan. Barium tidak pernah ditemukan di alam sebagai unsur bebas karena reaktivitas kimianya yang tinggi.Titik lebur:727°C (1000.15 K) Titik didih:1897°C (2170.15 K)
88;2;7;Ra;Radium\226;Golongan IIA;#9ecae1;https://www.innerdoc.com/periodic-table-of-nlp-tasks/13-rulebased-training-data;13.	Radium adalah sebuah unsur kimia dengan lambang Ra dan nomor atom 88. Radium merupakan unsur golongan 2 keenam dalam tabel periodik, juga dikenal sebagai logam alkali tanah. Titik lebur:696°C (969.15 K) Titik didih:1737°C (2010.15 K)

21;3;4;Sc;Skandium\n44.956;Golongan IIIB;#fd8d3c;https://www.innerdoc.com/periodic-table-of-nlp-tasks/15-vocabulary-building;Skandium adalah sebuah unsur kimia dengan lambang Sc dan nomor atom 21. Ia merupakan salah satu unsur blok-d metalik berwarna putih keperakan. Secara historis, ia telah diklasifikasikan sebagai unsur tanah jarang, bersama dengan itrium dan lantanida. Titik lebur:1540.85°C (1814 K) Titik didih:2835.85°C (3109 K)
39;3;5;Y;Itrium\n188.906;Golongan IIIB;#fd8d3c;https://www.innerdoc.com/periodic-table-of-nlp-tasks/16-morphological-tagger;Itrium adalah sebuah unsur kimia dengan lambang Y dan nomor atom 39. Ia adalah logam transisi berwarna keperakan yang secara kimiawi mirip dengan lantanida dan sering diklasifikasikan sebagai "unsur tanah jarang" Titik lebur:1526°C (1799.15 K) Titik didih:3337.85°C (3611 K)
57;3;6;La;Laktanum\n138.91;Golongan IIIB;#fd8d3c;https://www.innerdoc.com/periodic-table-of-nlp-tasks/17-part-of-speech-tagger;Lantanum adalah sebuah unsur kimia dengan lambang La dan nomor atom 57. Ia adalah sebuah logam yang lunak, ulet, berwarna putih keperakan yang akan ternoda secara perlahan saat terkena udara. Titik lebur:920°C (1193.15 K)Titik didih:3463.85°C (3737 K) 
89;3;7;Ac;Aktinium\n227;Golongan IIIB;#fd8d3c;https://www.innerdoc.com/periodic-table-of-nlp-tasks/18-dependency-parser;Aktinium adalah sebuah unsur kimia radioaktif dengan lambang Ac dan nomor atom 89. Ia adalah unsur kimia radioaktif yang ditemukan tahun 1899. Ia adalah unsur radioaktif non-primordial pertama yang diisolasi: polonium, radium dan radon diamati sebelum aktinium, namun baru diisolasi tahun 1902.Titik lebur:1050°C (1323.15 K)Titik didih:3196.85°C (3470 K)

22;4;4;Ti;Titanium\n47.867;Golongan IVB;#fd8d3c;https://www.innerdoc.com/periodic-table-of-nlp-tasks/20-lemmatization;Titanium adalah sebuah unsur kimia dalam tabel periodik yang memiliki simbol Ti dan nomor atom 22. Unsur ini merupakan logam transisi yang ringan, kuat, berkilau, tahan korosi dengan warna putih metalik keperakan. Titik lebur:1668°C (1941.15 K)  Titik didih:3286.85°C (3560 K)
40;4;5;Zr;Zirkonium\n91.224;Golongan IVB;#fd8d3c;https://www.innerdoc.com/periodic-table-of-nlp-tasks/21-normalization;Zirkonium adalah logam putih keabuan yang jarang dijumpai di alam bebas. Ia memiliki lambang kimia Zr, nomor atom 40, massa atom relatif 91,224. Logam zirkonium digunakan dalam teras reaktor nuklir karena tahan korosi dan tidak menyerap neutron. Titik lebur:1854.85°C (2128 K) Titik didih:4408.85°C (4682 K)
72;4;6;Hf;Hafnium\n178.49;Golongan IVB;#fd8d3c;https://www.innerdoc.com/periodic-table-of-nlp-tasks/22-spell-checker;Hafnium adalah sebuah unsur kimia dengan lambang Hf dan nomor atom 72. Sebuah logam transisi tetravalen berwarna abu-abu keperakan yang berkilau, hafnium secara kimia menyerupai zirkonium dan ditemukan dalam banyak mineral zirkonium.Titik lebur:2227°C (2500.15 K)Titik didih:4601.85°C (4875 K)
104;4;7;Rf;Ruterfordium\n267;Golongan IVB;#fd8d3c;https://www.innerdoc.com/periodic-table-of-nlp-tasks/23-negation-recognizer;Ruterfordium adalah suatu unsur kimia dalam tabel periodik yang memiliki lambang Rf dan nomor atom 104. Merupakan unsur sintetik yang amat radioaktif yang sebagian besar isotop stabilnya ialah 265 Rf dengan waktu paruh sekitar 13 jam. Nama ini diambil bedasarkan nama ilmuwan Ernst Rutherford.Titik lebur:2100°C (2373.15 K)

58;4;8;Ce;Serium\n140.12;Golongan IVB;#87CEEB;https://www.innerdoc.com/periodic-table-of-nlp-tasks/24-negation-recognizer;Cerium memiliki simbol Ce dan nomor atom 58. Cerium adalah logam lunak, ulet, dan berwarna putih keperakan yang memudar jika terkena udara. Titik lebur: 795 °C Titik didih: 3443 °C
90;4;9;Th;Torium\n232.04;Golongan IVB;#FF6961;https://www.innerdoc.com/periodic-table-of-nlp-tasks/24-negation-recognizer;Thorium adalah unsur kimia. Ia memiliki simbol Th dan nomor atom 90. Thorium adalah logam perak muda dengan radioaktif lemah yang berubah warna menjadi abu-abu zaitun ketika terkena udara, membentuk torium dioksida, itu cukup lunak dan mudah dibentuk serta memiliki titik leleh yang tinggi. Titik lebur: 1,755 °C Titik didih: 4788 °C

23;5;4;V;Vanadium\n50.942;Golongan VB;#fdae6b;https://www.innerdoc.com/periodic-table-of-nlp-tasks/25-rulebased-phrasematcher;Vanadium adalah sebuah unsur kimia dengan lambang V dan nomor atom 23. Ia adalah sebuah logam transisi yang keras, berwarna abu-abu keperakan, dan dapat ditempa. Ia bersifat konduktif secara elektrik dan menginsulasi secara termal. Vanadium biasanya digambarkan lunak, karena ia ulet, dapat ditempa, dan tidak rapuh. Vanadium lebih keras daripada kebanyakan logam dan memiliki ketahanan yang baik terhadap korosi serta stabil terhadap alkali dan asam sulfat dan klorida.Titik lebur: 1910 °C (2183 K)
41;5;5;Nb;Niobium\n92.206;Golongan VB;#fdae6b;https://www.innerdoc.com/periodic-table-of-nlp-tasks/26-dependency-nounchunks;Niobium memiliki simbol Nb dan nomor atom 41. Ia adalah logam transisi berwarna abu-abu muda, kristal, dan ulet. Niobium murni memiliki tingkat kekerasan Mohs yang mirip dengan titanium murni, dan memiliki keuletan yang mirip dengan besi Titik lebur: 2477 °C Titik didih: 4744 °C
73;5;6;Ta;Tantalum\n180.95;Golongan VB;#fdae6b;https://www.innerdoc.com/periodic-table-of-nlp-tasks/27-named-entity-recognition;Tantalum memiliki simbol Ta dan nomor atom 73. Sebelumnya dikenal sebagai tantalium, dinamai Tantalus, seorang tokoh dalam mitologi Yunani. Tantalum adalah logam transisi biru keabu-abuan yang sangat keras, ulet, berkilau, dan sangat tahan korosi. Titik lebur: 3,020 °C Titik didih: 5,457 °C
105;5;7;Db;Dubnium\n262;Golongan VB;#fdae6b;https://www.innerdoc.com/periodic-table-of-nlp-tasks/28-abbreviation-finder;Dubnium adalah unsur kimia sintetis. ia memiliki simbol Db dan nomor atom 105. Ia sangat radioaktif.isotop paling stabil yang diketahui, dubnium-268, memiliki waktu paruh sekitar 16 jam. Hal ini sangat membatasi penelitian lanjutan mengenai elemen tersebut. Dubnium tidak terjadi secara alami di Bumi dan diproduksi secara buatan.

59;5;8;Pr;Praseodimium\n140.91;Golongan VB;#87CEEB;https://www.innerdoc.com/periodic-table-of-nlp-tasks/27-named-entity-recognition;Identifying named entities is the task of assigning a NER category, like Persons, Locations or Organizations, to words in a sentence. 
91;5;9;Pa;Protaktinium\n231.04;Golongan VB;#FF6961;https://www.innerdoc.com/periodic-table-of-nlp-tasks/28-abbreviation-finder;Protaktinium adalah unsur kimia ia memiliki simbol Pa dan nomor atom 91. Ia adalah logam aktinida abu-abu keperakan yang padat, radioaktif, yang mudah bereaksi dengan oksigen, uap air, dan asam anorganik. Titik lebur: 1,568 °C Titik didih: 4027 °C

24;6;4;Cr;Kromium\n51.996;Golongan VIB;#fdae6b;https://www.innerdoc.com/periodic-table-of-nlp-tasks/31-temporal-parser;Kromium  memiliki simbol Cr dan nomor atom 24. Ia adalah unsur pertama dalam golongan 6. Ia adalah logam transisi berwarna abu-abu baja, berkilau, keras, dan rapuh. Logam kromium dihargai karena ketahanan korosi dan kekerasannya yang tinggi.Titik lebur: 1,907 °CTitik didih: 2671 °C
42;6;5;Mo;Molibdenum\n95.950;Golongan VIB;#fdae6b;https://www.innerdoc.com/periodic-table-of-nlp-tasks/32-named-entity-linking;Molibdenum memiliki simbol Mo dan nomor atom 42. Nama ini berasal dari bahasa Yunani Kuno Μόλυβδος molybdos, yang berarti timah, karena bijihnya disalahartikan dengan bijih timah. Mineral molibdenum telah dikenal sepanjang sejarah, namun unsur tersebut ditemukan pada tahun 1778 oleh Carl Wilhelm Scheele Titik lebur: 2,623 °C Titik didih: 4639 °C
74;6;6;W;Wolfram\n183.84;Golongan VIB;#fdae6b;https://www.innerdoc.com/periodic-table-of-nlp-tasks/33-coreference-resolution;Tungsten atau wolfram memiliki simbol W dan nomor atom 74. Tungsten adalah logam langka yang ditemukan secara alami di Bumi hampir secara eksklusif sebagai senyawa dengan unsur lain. Ia diidentifikasi sebagai unsur baru pada tahun 1781 dan pertama kali diisolasi sebagai logam pada tahun 1783. Titik lebur: 3,422 °C Titik didih: 5,555 °C
106;6;7;Sg;Seaborgium\n269;Golongan VIB;#fdae6b;https://www.innerdoc.com/periodic-table-of-nlp-tasks/34-text-anonymizer;Seaborgium adalah unsur kimia sintetis. ia memiliki simbol Sg dan nomor atom 106. Namanya diambil dari nama ahli kimia nuklir Amerika Glenn T. Seaborg. Sebagai unsur sintetik, dapat dibuat di laboratorium tetapi tidak ditemukan di alam.

60;6;8;Nd;Neodimium\n144.24;Golongan VIB;#87CEEB;https://www.innerdoc.com/periodic-table-of-nlp-tasks/33-coreference-resolution;Neodymium memiliki simbol Nd dan nomor atom 60. Ia adalah anggota keempat dari deret lantanida dan dianggap sebagai salah satu logam tanah jarang. Ini adalah logam keperakan yang keras, sedikit mudah dibentuk, dan cepat memudar jika terkena udara dan kelembapan. Titik lebur: 1,021 °C Titik didih: 3074 °C
92;6;9;U;Uranium\n238.03;Golongan VIB;#FF6961;https://www.innerdoc.com/periodic-table-of-nlp-tasks/33-coreference-resolution;Uranium adalah unsur kimia metalik berwarna putih keperakan dalam tabel periodik, dengan nomor atom 92 . Ia diberi simbol kimia U. Sebuah atom uranium memiliki 92 proton dan 92 elektron, dimana 6 di antaranya adalah elektron valensi. Uranium memiliki berat atom tertinggi dari semua unsur yang ada di alam. Titik lebur: 1132,2 °C Titik didih: 4131 °C

25;7;4;Mn;Mangan\n54.938;Golongan VIIB;#fdd0a2;https://www.innerdoc.com/periodic-table-of-nlp-tasks/35-sentencizer;Mangan mempunyai simbol Mn dan nomor atom 25. Merupakan logam yang keras, rapuh, berwarna keperakan, sering ditemukan dalam mineral yang dikombinasikan dengan besi. Mangan pertama kali diisolasi pada tahun 1770-an Titik lebur: 1,246 °C  Titik didih: 2061 °C
43;7;5;Tc;Teknisium\n98;Golongan VIIB;#fdd0a2;https://www.innerdoc.com/periodic-table-of-nlp-tasks/36-paragraph-segmentation;Technetium memiliki simbol Tc dan nomor atom 43. Ia adalah unsur paling ringan yang semua isotopnya bersifat radioaktif. Teknesium dan prometium adalah satu-satunya unsur radioaktif yang tetangganya stabil dalam hal nomor atom Titik lebur: 2157 °C Titik didih: 4265 °C
75;7;6;Re;Renium\n186.21;Golongan VIIB;#fdd0a2;https://www.innerdoc.com/periodic-table-of-nlp-tasks/37-grammar-checker;Renium memiliki simbol Re dan nomor atom 75. Ia adalah logam transisi baris ketiga berwarna abu-abu keperakan, berat, dalam golongan 7 tabel periodik. Dengan perkiraan konsentrasi rata-rata 1 bagian per miliar, renium adalah salah satu unsur paling langka di kerak bumi. Titik lebur: 3,185 °C Titik didih: 5,597 °C
107;7;7;Bh;Bohrium\n264;Golongan VIIB;#fdd0a2;https://www.innerdoc.com/periodic-table-of-nlp-tasks/38-readability-scoring;Bohrium  memiliki simbol Bh dan nomor atom 107. Namanya diambil dari nama fisikawan Denmark Niels Bohr. Sebagai unsur sintetik, ia dapat dibuat dalam akselerator partikel tetapi tidak ditemukan di alam.


61;7;8;Pm;Prometium\n145;Golongan VIIB;#87CEEB;https://www.innerdoc.com/periodic-table-of-nlp-tasks/37-grammar-checker;Promethium  memiliki simbol Pm dan nomor atom 61. Semua isotopnya bersifat radioaktif. hal ini sangat jarang terjadi, hanya sekitar 500–600 gram yang terdapat secara alami di kerak bumi pada waktu tertentu. Titik lebur: 1042 °C Titik didih: 3000 °C
93;7;9;Np;Neptunium\n237.05;Golongan VIIB;#FF6961;https://www.innerdoc.com/periodic-table-of-nlp-tasks/38-readability-scoring;Neptunium memiliki simbol Np dan nomor atom 93. Logam aktinida radioaktif , neptunium adalah unsur transuranium pertama . Namanya diambil dari Neptunus , planet di luar Uranus di Tata Surya, yang kemudian diberi nama uranium. Logam Neptunium berwarna keperakan dan memudar jika terkena udara. Seperti semua aktinida, ia bersifat radioaktif , beracun , piroforik , dan mampu terakumulasi di tulang , sehingga penanganan neptunium berbahaya. Titik lebur: 639±3 °C Titik didih: 4174 °C

26;8;4;Fe;Besi\n55.845;Golongan VIIIB;#fdd0a2;https://www.innerdoc.com/periodic-table-of-nlp-tasks/39-deduplication;Besi  memiliki simbol Fe dan nomor atom 26. Merupakan logam yang termasuk dalam deret transisi pertama dan golongan 8 tabel periodik. Berdasarkan massanya, unsur ini merupakan unsur paling umum di Bumi, yang membentuk sebagian besar inti luar dan dalam Bumi. Titik lebur: 1538 °C Titik didih: 2862 °C
44;8;5;Ru;Rutenium\n101.07;Golongan VIIIB;#fdd0a2;https://www.innerdoc.com/periodic-table-of-nlp-tasks/40-raw-text-cleaning;Rutenium memiliki simbol Ru dan nomor atom 44. Ini adalah logam transisi langka yang termasuk dalam kelompok platina pada tabel periodik. Seperti logam lain dari kelompok platina, rutenium tidak reaktif terhadap sebagian besar bahan kimia lainnya. Titik lebur: 2,334 °C Titik didih: 4,150 °C
76;8;6;Os;Osmium\n190.23;Golongan VIIIB;#fdd0a2;https://www.innerdoc.com/periodic-table-of-nlp-tasks/41-meta-info-extractor;Osmium  memiliki simbol Os dan nomor atom 76. Ia adalah logam transisi yang keras, rapuh, berwarna putih kebiruan dalam golongan platina yang ditemukan sebagai elemen jejak dalam paduan, sebagian besar dalam bijih platina. Osmium adalah unsur alami terpadat. Titik lebur: 3,033 °C Titik didih: 5008 °C
108;8;7;Hs;Hasium\n269;Golongan VIIIB;#fdd0a2;https://www.innerdoc.com/periodic-table-of-nlp-tasks/42-language-identification;Hassium adalah unsur kimia sintetis, emiliki simbol Hs dan nomor atom 108. Hassium sangat radioaktif. isotop paling stabil yang diketahui memiliki waktu paruh sekitar sepuluh detik

62;8;8;Sm;Samarium\n150.376;Golongan VIIIB;#87CEEB;https://www.innerdoc.com/periodic-table-of-nlp-tasks/41-meta-info-extractor;Samarium memiliki simbol Sm dan nomor atom 62. Ini adalah logam keperakan agak keras yang teroksidasi perlahan di udara. Menjadi anggota khas deret lantanida, samarium biasanya memiliki bilangan oksidasi positif 3 Titik lebur: 1072 °C Titik didih: 1900 °C
94;8;9;Pu;Plutonium\n244;Golongan VIIIB;#FF6961;https://www.innerdoc.com/periodic-table-of-nlp-tasks/42-language-identification;Plutonium  memiliki simbol Pu dan nomor atom 94. Ia merupakan logam aktinida berwarna abu-abu keperakan yang memudar bila terkena udara, dan membentuk lapisan kusam bila teroksidasi. Unsur ini biasanya menunjukkan enam alotrop dan empat bilangan oksidasi Titik lebur: 639,4 °C Titik didih: 3228 °C

27;9;4;Co;Kobalt\n58.933;Golongan VIIIB;#31a354;https://www.innerdoc.com/periodic-table-of-nlp-tasks/44-evaluating-models;Cobalt memiliki simbol Co dan nomor atom 27. Seperti halnya nikel, kobalt ditemukan di kerak bumi hanya dalam bentuk gabungan kimia, kecuali endapan kecil yang ditemukan dalam paduan besi meteorik alami. Unsur bebas, yang dihasilkan melalui peleburan reduktif, merupakan logam yang keras, berkilau, dan berwarna keperakan. Titik lebur: 2.870 °C Titik didih: 1,495 
45;9;5;Rh;Rodium\n102.91;Golongan VIIIB;#31a354;https://www.innerdoc.com/periodic-table-of-nlp-tasks/45-explaining-models;Rhodium memiliki simbol Rh dan nomor atom 45. Ini adalah logam transisi yang sangat langka, berwarna putih keperakan, keras, dan tahan korosi. Ini adalah logam mulia dan anggota kelompok platinum. Ia hanya memiliki satu isotop alami, yaitu 103Rh Titik lebur: 1,963 °C Titik didih: 3695 °C
77;9;6;Ir;Iridium\n192.22;Golongan VIIIB;#31a354;https://www.innerdoc.com/periodic-table-of-nlp-tasks/46-deploying-models;Iridium memiliki simbol Ir dan nomor atom 77. Merupakan logam transisi berwarna putih keperakan yang sangat keras, berwarna putih keperakan dari golongan platinum, ia dianggap sebagai logam alami terpadat kedua dengan kepadatan 22,56 g/cm³ seperti yang ditentukan oleh eksperimen sinar-X kristalografi. Titik lebur: 2,446 °C Titik didih: 4,428 °C
109;9;7;Mt;Meitnerium\n278;Golongan VIIIB;#31a354;https://www.innerdoc.com/periodic-table-of-nlp-tasks/47-monitoring-models;Meitnerium adalah unsur kimia sintetis,  memiliki simbol Mt dan nomor atom 109. Ia adalah unsur sintetik yang sangat radioaktif. Isotop paling stabil yang diketahui, meitnerium-278, memiliki waktu paruh 4,5 detik, meskipun meitnerium-282 yang belum dikonfirmasi mungkin memiliki waktu paruh lebih lama yaitu 67 detik.

63;9;8;Eu;Europium\n151.96;Golongan VIIIB;#87CEEB;https://www.innerdoc.com/periodic-table-of-nlp-tasks/46-deploying-models;Europium  memiliki simbol Eu dan nomor atom 63. Europium adalah logam putih keperakan dari seri lantanida yang mudah bereaksi dengan udara membentuk lapisan oksida gelap. Ini adalah unsur lantanida yang paling reaktif secara kimia, paling padat, dan paling lembut. Cukup lembut untuk dipotong dengan pisau. Titik lebur: 826 °C Titik didih: 1529 °C
95;9;9;Am;Amerisium\n243;Golongan VIIIB;#FF6961;https://www.innerdoc.com/periodic-table-of-nlp-tasks/47-monitoring-models;Americium adalah unsur kimia sintetis, ia memiliki simbol Am dan nomor atom 95. Ia adalah radioaktif dan anggota transuranik dari seri aktinida dalam tabel periodik, terletak di bawah unsur lantanida europium dan dengan demikian dinamai menurut nama Amerika dengan analogi. Titik lebur: 1176 °C Titik didih: 2607 °C

28;10;4;Ni;Nikel\n58.693;Golongan VIIIB;#74c476;https://www.innerdoc.com/periodic-table-of-nlp-tasks/49-sentiment-and-emotion-detection;Nikel memiliki simbol Ni dan nomor atom 28. Ini adalah logam berkilau berwarna putih keperakan dengan sedikit semburat emas. Nikel adalah logam transisi yang keras dan ulet.Titik lebur: 1,455 °C Titik didih: 2,913 °C
46;10;5;Pd;Paladium\n106.42;Golongan VIIIB;#74c476;https://www.innerdoc.com/periodic-table-of-nlp-tasks/50-intent-classification;Paladium memiliki simbol Pd dan nomor atom 46. Ini adalah logam putih keperakan yang langka dan berkilau yang ditemukan pada tahun 1802 oleh ahli kimia Inggris William Hyde Wollaston. Titik lebur: 1554,9 °C, Titik didih: 2963 °C
78;10;6;Pt;Platina\n195.08;Golongan VIIIB;#74c476;https://www.innerdoc.com/periodic-table-of-nlp-tasks/51-text-classification;Platinum memiliki simbol Pt dan nomor atom 78. Ia merupakan logam transisi yang padat, mudah dibentuk, ulet, sangat tidak reaktif, berharga, berwarna putih keperakan. Namanya berasal dari bahasa Spanyol platina, kependekan dari plata "perak"Titik lebur: 1768,3 °C  Titik didih: 3825 °C
110;10;7;Ds;Darmstadium\n281\n;Golongan VIIIB;#74c476;https://www.innerdoc.com/periodic-table-of-nlp-tasks/52-multi-label-multi-class-classification;Darmstadtium adalah unsur kimia sintetis, memiliki simbol Ds dan nomor atom 110. Ia sangat radioaktif: isotop paling stabil yang diketahui, darmstadtium-281, memiliki waktu paruh sekitar 14 detik.

64;10;8;Gd;Gadolinium\n157.25;Golongan VIIIB;#87CEEB;https://www.innerdoc.com/periodic-table-of-nlp-tasks/51-text-classification;Gadolinium memiliki simbol Gd dan nomor atom 64. Gadolinium adalah logam berwarna putih keperakan jika oksidasi dihilangkan. Ini adalah unsur tanah jarang yang mudah dibentuk dan ulet. Gadolinium bereaksi dengan oksigen atmosfer atau kelembapan secara perlahan membentuk lapisan hitam. Titik lebur: 1,312 °C Titik didih: 3273 °C
96;10;9;Cm;Kurium\n247\n;Golongan VIIIB;#FF6961;https://www.innerdoc.com/periodic-table-of-nlp-tasks/52-multi-label-multi-class-classification;Kurium  adalah unsur kimia sintetik dalam sistem periodik unsur yang memiliki lambang Cm dan nomor atom 96. Nama elemen ini diambil dari nama ilmuwan Marie Curie. Titik lebur: 1340 °C Titik didih: 3110 °C

29;11;4;Cu;Tembaga\n63.546;Golongan IB;#74c476;https://www.innerdoc.com/periodic-table-of-nlp-tasks/54-extractive-summarization;Tembaga memiliki simbol Cu dan nomor atom 29. Ia adalah logam lunak, mudah dibentuk, dan ulet dengan konduktivitas termal dan listrik yang sangat tinggi. Permukaan tembaga murni yang baru terpapar memiliki warna oranye merah muda. titik lebur: 1084,62 °C titik didih: 2562 °C
47;11;5;Ag;Perak\n107.87;Golongan IB;#74c476;https://www.innerdoc.com/periodic-table-of-nlp-tasks/55-topic-modeling;Perak  memiliki simbol Ag dan nomor atom 47. Merupakan logam transisi yang lembut, putih, berkilau, ia menunjukkan konduktivitas listrik, konduktivitas termal, dan reflektifitas tertinggi dibandingkan logam mana pun. Titik lebur: 961.8 °C Titik didih: 2162 °C
79;11;6;Au;Emas\n196.97;Golongan IB;#74c476;https://www.innerdoc.com/periodic-table-of-nlp-tasks/56-trend-detection;Emas adalah suatu unsur kimia dengan lambang Au dan nomor atom 79. Dalam bentuknya yang murni, merupakan logam cerah, agak kuning jingga, padat, lunak, mudah dibentuk, dan ulet. Secara kimia, emas merupakan logam transisi, unsur golongan 11, dan salah satu logam mulia. Titik lebur: 1064,18 °C Titik didih: 2970 °C
111;11;7;Rg;Roengenium\n282;Golongan IB;#74c476;https://www.innerdoc.com/periodic-table-of-nlp-tasks/57-outlier-detection;Roentgenium adalah unsur kimia sintetis, memiliki simbol Rg dan nomor atom 111. Ia sangat radioaktif dan hanya dapat dibuat di laboratorium.

65;11;8;Tb;Terbium\n158.93;Golongan IB;#87CEEB;https://www.innerdoc.com/periodic-table-of-nlp-tasks/56-trend-detection;Terbium adalah sebuah unsur kimia dengan lambang Tb dan nomor atom 65. Ia merupakan logam tanah jarang berwarna putih keperakan yang dapat ditempa dan ulet. Menjadi anggota kesembilan dari deret lantanida, terbium adalah logam yang cukup elektropositif yang bereaksi dengan air, menghasilkan gas hidrogen. Terbium tidak pernah ditemukan di alam sebagai unsur bebas, tetapi terkandung dalam banyak mineral, meliputi serit, gadolinit, monasit, xenotim, dan euksenit. Titik lebur: 1356 °C Titik didih: 3230 °C
97;11;9;Bk;Berkelium\n247;Golongan IB;#FF6961;https://www.innerdoc.com/periodic-table-of-nlp-tasks/57-outlier-detection;110.	Berkelium adalah unsur kimia sintetis, memiliki simbol Bk dan nomor atom 97. Ia adalah anggota rangkaian unsur aktinida dan transuranium. Namanya diambil dari kota Berkeley, California, lokasi Laboratorium Nasional Lawrence Berkeley tempat ditemukannya pada bulan Desember 1949.Titik lebur: 984.8 °C Titik didih: 2627 °C

30;12;4;Zn;Seng\n65.380;Golongan IIB;#a1d99b;https://www.innerdoc.com/periodic-table-of-nlp-tasks/59-distance-measures;Seng  memiliki simbol Zn dan nomor atom 30. Ia merupakan logam yang agak rapuh pada suhu kamar dan memiliki penampakan keabu-abuan mengkilat ketika oksidasi dihilangkan. Ini adalah unsur pertama dalam golongan 12 tabel periodic Titik lebur: 419,53 °C Titik didih: 907 °C
48;12;5;Cd;Kadmium\n112.41;Golongan IIB;#a1d99b;https://www.innerdoc.com/periodic-table-of-nlp-tasks/60-document-similarity;Kadmium memiliki simbol Cd dan nomor atom 48. Logam lunak berwarna putih keperakan ini secara kimiawi mirip dengan dua logam stabil lainnya di golongan 12, seng dan merkuri Titik lebur: 321.1 °C Titik didih: 767 °C
80;12;6;Hg;Raksa\n200.59;Golongan IIB;#a1d99b;https://www.innerdoc.com/periodic-table-of-nlp-tasks/61-distributed-word-representations;Merkuri memiliki simbol Hg dan nomor atom 80. Ia juga dikenal sebagai air raksa dan sebelumnya bernama hydrargyrum dari kata Yunani hydor dan argyros. Titik lebur: -38.83 °C Titik didih: 356.7 °C
112;12;7;Cn;Kopernisium\n285\n;Golongan IIB;#a1d99b;https://www.innerdoc.com/periodic-table-of-nlp-tasks/62-contextualized-word-representations;Copernicium adalah unsur kimia sintetis,memiliki simbol Cn dan nomor atom 112. Isotopnya yang diketahui sangat radioaktif, dan hanya dibuat di laboratorium. Isotop paling stabil yang diketahui, copernicium-285, memiliki waktu paruh sekitar 30 detik.

66;12;8;Dy;Disprosium\n162.5;Golongan IIB;#87CEEB;https://www.innerdoc.com/periodic-table-of-nlp-tasks/61-distributed-word-representations;Disprosium memiliki simbol Dy dan nomor atom 66. Ini adalah unsur tanah jarang dalam seri lantanida dengan kilau perak metalik. Disprosium tidak pernah ditemukan di alam sebagai unsur bebas, namun seperti lantanida lainnya, ia ditemukan dalam berbagai mineral, seperti xenotime . Disprosium yang terjadi secara alami terdiri dari tujuh isotop , yang paling melimpah adalah 164 Dy. Titik lebur: 1407 °C Titik didih: 2562 °C
98;12;9;Cf;Kalifornium\n251\n;Golongan IIB;#FF6961;https://www.innerdoc.com/periodic-table-of-nlp-tasks/62-contextualized-word-representations;Californium adalah unsur kimia sintetis, memiliki simbol Cf dan nomor atom 98. Ia pertama kali disintesis pada tahun 1950 di Laboratorium Nasional Lawrence Berkeley dengan membombardir curium dengan partikel alfa. Titik lebur: 900 °C Titik didih: 1470 °C

5;13;2;B;Boron\n10.811;Golongan IIIA;#a1d99b;https://www.innerdoc.com/periodic-table-of-nlp-tasks/63-next-token-prediction;Boron memiliki simbol B dan nomor atom 5. Dalam bentuk kristalnya, ia merupakan metaloid yang rapuh, gelap, dan berkilau. dalam bentuk amorfnya adalah bubuk coklat. Titik lebur: 2,076 °C Titik didih: 3927 °C
13;13;3;Al;Alumunium\n26.982;Golongan IIIA;#a1d99b;https://www.innerdoc.com/periodic-table-of-nlp-tasks/64-report-writing;Aluminium ialah unsur kimia. Lambang aluminium ialah Al, dan nomor atomnya 13. Aluminium ialah logam paling berlimpah. Aluminium bukan merupakan jenis logam berat, tetapi merupakan elemen yang berjumlah sekitar 8 persen dari permukaan bumi dan paling berlimpah ketiga. Aluminium terdapat dalam penggunaan aditif makanan, antasida, buffered aspirin, astringents, semprotan hidung, antiperspirant, air minum, knalpot mobil, asap tembakau, penggunaan aluminium foil, peralatan masak, kaleng, keramik, dan kembang api. Titik lebur: 660,32 °C Titik didih: 2470 °C
31;13;4;Ga;Galium\n69.723;Golongan IIIA;#a1d99b;https://www.innerdoc.com/periodic-table-of-nlp-tasks/65-machine-translation;Gallium memiliki simbol Ga dan nomor atom 31. Ditemukan oleh ahli kimia Perancis Paul-Émile Lecoq de Boisbaudran pada tahun 1875, galium berada dalam golongan 13 tabel periodik dan mirip dengan logam lain dalam golongan tersebut. Titik lebur: 29,7646 °C Titik didih: 2204 °C
49;13;5;In;Indium\n114.82;Golongan IIIA;#a1d99b;https://www.innerdoc.com/periodic-table-of-nlp-tasks/66-abstractive-summarization;Indium  memiliki simbol In dan nomor atom 49. Ia adalah logam pasca transisi berwarna putih keperakan dan salah satu unsur paling lembut. Secara kimiawi, indium mirip dengan galium dan talium, dan sifat-sifatnya sebagian besar berada di antara keduanya. Titik lebur: 156.6 °C Titik didih: 2,072 °C
81;13;6;Ti;Talium\n204.38;Golongan IIIA;#a1d99b;https://www.innerdoc.com/periodic-table-of-nlp-tasks/67-paraphrasing;Talium memiliki simbol Ti dan nomor atom 81. Ini adalah logam pasca transisi berwarna abu-abu yang tidak ditemukan bebas di alam. Ketika diisolasi, talium menyerupai timah, tetapi berubah warna jika terkena udara. Titik lebur: 304 °C Titik didih: 1473 °C
113;13;7;Nh;Nihonium\n286;Golongan IIIA;#a1d99b;https://www.innerdoc.com/periodic-table-of-nlp-tasks/68-long-text-generation;Nihonium adalah unsur kimia sintetis, memiliki simbol Nh dan nomor atom 113. Ia sangat radioaktif,  isotop paling stabil yang diketahui, nihonium-286, memiliki waktu paruh sekitar 10 detik. Dalam tabel periodik, nihonium adalah unsur transaktinida di blok p. Ini adalah anggota periode 7 dan grup 13.

67;13;8;Ho;Holmium\n164.93;Golongan IIIA;#87CEEB;https://www.innerdoc.com/periodic-table-of-nlp-tasks/67-paraphrasing;Holmium memiliki simbol Ho dan nomor atom 67. Ia adalah unsur tanah jarang dan anggota kesebelas dari deret lantanida. Ini adalah logam yang relatif lunak, berwarna keperakan, cukup tahan korosi dan mudah dibentuk. Titik lebur: 1461 °C Titik didih: 2600 °C
99;13;9;Nh;Einsteinium\n252;Golongan IIIA;#FF6961;https://www.innerdoc.com/periodic-table-of-nlp-tasks/68-long-text-generation;einsteinium (Es), unsur kimia sintetik dari deret aktinoid tabel periodik, nomor atom 99 . Tidak terdapat di alam, einsteinium (sebagai isotop einsteinium-253) pertama kali dihasilkan melalui iradiasi neutron intensif uranium-238 selama peledakan senjata nuklir. Titik lebur: 860 °C Titik didih: 996 °C

6;14;2;C;Karbon\n12.011;Golongan IVA;#c7e9c0;https://www.innerdoc.com/periodic-table-of-nlp-tasks/69-relation-extraction;Karbon (dari bahasa Latin carbo 'batubara') memiliki simbol C dan nomor atom 6 . Ia bersifat nonlogam dan tetravalen—artinya atom-atomnya mampu membentuk hingga empat ikatan kovalen karena kulit valensinya memperlihatkan 4 elektron. Itu termasuk dalam kelompok 14 tabel periodik. Titik lebur: 3642 °C
144;14;3;Si;Silikon\n28.086;Golongan IVA;#c7e9c0;https://www.innerdoc.com/periodic-table-of-nlp-tasks/70-question-answering;Silikon adalah suatu unsur kimia dalam tabel periodik yang memiliki lambang Si dan nomor atom 14. Senyawa yang dibentuk bersifat paramagnetik. Unsur kimia yang juga disebut sebagai zat pasir ini ditemukan oleh Jöns Jakob Berzelius. Silikon merupakan unsur metaloid tetravalensi, bersifat lebih tidak reaktif daripada karbon unsur nonlogam yang tepat berada di atasnya pada tabel periodik, tetapi lebih reaktif daripada germanium, metaloid yang berada persis di bawahnya pada tabel periodik. Titik lebur: 1414 °C Titik didih: 3265 °C
32;14;4;Ge;Germanium\nD78.960;Golongan IVA;#c7e9c0;https://www.innerdoc.com/periodic-table-of-nlp-tasks/71-chatbot-dialogue;Germanium memiliki simbol Ge dan nomor atom 32. Ia berkilau, rapuh keras, putih keabu-abuan dan mirip dengan silikon. Ini adalah metaloid dalam kelompok karbon yang secara kimia mirip dengan kelompok tetangganya silikon dan timah. Titik lebur: 938.2 °C Titik didih: 2833 °C
50;14;5;Sn;Timah\n118.71\nIndexing;Golongan IVA;#c7e9c0;https://www.innerdoc.com/periodic-table-of-nlp-tasks/72-semantic-search-indexing;Timah memiliki simbol Sn dan nomor atom 50. Logam berwarna keperakan, timah cukup lunak untuk dipotong dengan sedikit tenaga, dan sebatang timah dapat ditekuk dengan tangan dengan sedikit usaha. Saat dibengkokkan, apa yang disebut "tangisan timah" dapat terdengar akibat kembaran kristal timah. Titik lebur: 231.9 °C Titik didih: 2,602 °C
82;14;6;Pb;Timbal\n207.20;Golongan IVA;#c7e9c0;https://www.innerdoc.com/periodic-table-of-nlp-tasks/73-knowledge-base-population;Timbal  memiliki simbol Pb dan nomor atom 82. Ini adalah logam berat yang lebih padat daripada kebanyakan bahan umum. Timbal bersifat lunak dan mudah dibentuk, serta memiliki titik leleh yang relatif rendah. Saat baru dipotong, timah berwarna abu-abu mengkilat dengan sedikit warna biru. Warnanya berubah menjadi abu-abu kusam saat terkena udara. Titik lebur: 327.5 °C Titik didih: 1749 °C
114;14;7;Fl;Flerovium\n289;Golongan IVA;#c7e9c0;https://www.innerdoc.com/periodic-table-of-nlp-tasks/74-e-discovery-and-media-monitoring;73.	Flerovium adalah unsur kimia sintetis yang sangat berat, memiliki simbol Fl dan nomor atom 114. Ini adalah unsur sintetik yang sangat radioaktif, dinamai berdasarkan Laboratorium Reaksi Nuklir Flerov dari Institut Gabungan untuk Penelitian Nuklir di Dubna, Rusia, tempat unsur tersebut ditemukan pada tahun 1999. 

68;14;8;Er;Erbium\n167.26;Golongan IVA;#87CEEB;https://www.innerdoc.com/periodic-table-of-nlp-tasks/73-knowledge-base-population;Erbium adalah unsur radioaktif kimia yang terdapat sebagai unsur kesebelas dalam deret lantanida pada tabel periodik . Bentuk murni suatu unsur adalah logam. Secara alami, Erbium ditemukan dalam kombinasi kimia dengan unsur alami lainnya. Titik lebur: 1,529 °C Titik didih: 2868 °C
100;14;9;Fm;Fermium\n257;Golongan IVA;#FF6961;https://www.innerdoc.com/periodic-table-of-nlp-tasks/74-e-discovery-and-media-monitoring;Fermium memiliki simbol Fm dan nomor atom 100. Ia merupakan aktinida dan merupakan unsur terberat yang dapat dibentuk oleh pemboman neutron terhadap unsur-unsur yang lebih ringan, dan karenanya merupakan unsur terakhir yang dapat dibuat dalam jumlah makroskopis, meskipun logam fermium murni belum dapat dibuat Titik lebur: 1500 °C

7;15;2;N;Nitrogen\n14.007;Golongan VA;#bcbddc;https://www.innerdoc.com/periodic-table-of-nlp-tasks/76-annotated-text-visualization;Nitrogen memiliki simbol N dan nomor atom 7. Nitrogen adalah anggota bukan logam dan anggota paling ringan dari golongan 15 tabel periodik, sering disebut pniktogen. Ini adalah unsur umum di alam semesta, diperkirakan berada pada urutan ketujuh dalam kelimpahan total di Bima Sakti dan Tata Surya. Titik lebur: -210 °C Titik didih: -195.8 °C
15;15;3;P;Fosforus\n30.974;Golongan VA;#bcbddc;https://www.innerdoc.com/periodic-table-of-nlp-tasks/77-wordcloud;Fosfor adalah zat yang menunjukkan fenomena luminesensi, memancarkan cahaya ketika terkena beberapa jenis energi radiasi. Istilah ini digunakan baik untuk zat fluoresen ataupun fosforesen yang bersinar pada paparan sinar ultraviolet atau cahaya tampak, dan zat katodoluminesen yang bersinar ketika dihantam oleh berkas elektron (sinar katode)dalam tabung sinar katode. Titik lebur: 44.1 °C Titik didih: 280.5 °C
33;15;4;As;Arsen\n74.922;Golongan VA;#bcbddc;https://www.innerdoc.com/periodic-table-of-nlp-tasks/78-word-embedding-visualization;Arsenik memiliki simbol As dan nomor atom 33. Ia adalah metaloid dan salah satu pniktogen, dan oleh karena itu memiliki banyak sifat yang sama dengan tetangga gugus 15 fosfor dan antimon. Arsenik adalah logam berat yang terkenal beracun. Titik lebur: 816.8 °C
51;15;5;Sb;Antimon\n121.76;Golongan VA;#bcbddc;https://www.innerdoc.com/periodic-table-of-nlp-tasks/79-events-on-timeline;Antimon memiliki simbol Sb dan nomor atom 51. Merupakan metaloid abu-abu berkilau, ditemukan di alam terutama sebagai mineral sulfida stibnit. Senyawa antimon telah dikenal sejak zaman dahulu dan berbentuk bubuk untuk digunakan sebagai obat dan kosmetik, sering dikenal dengan nama Arab kohl. Titik lebur: 630,63 °C Titik didih: 1635 °C
83;15;6;Bi;Bismuth\n208.98;Golongan VA;#bcbddc;https://www.innerdoc.com/periodic-table-of-nlp-tasks/80-locations-on-geomap;Bismut memiliki simbol Bi dan nomor atom 83. Ia adalah logam pasca transisi dan salah satu pniktogen, dengan sifat kimia menyerupai arsenik dan antimon golongan 15 yang lebih ringan. Unsur bismut terbentuk secara alami, dan bentuk sulfida serta oksidanya merupakan bijih komersial yang penting. Titik lebur: 271.4 °C Titik didih: 1564 °C
115;15;7;Mc;Moskovium\n289\n;Golongan VA;#bcbddc;https://www.innerdoc.com/periodic-table-of-nlp-tasks/81-knowledge-graph-visualization;Moscovium adalah unsur kimia sintetis, memiliki simbol Mc dan nomor atom 115. Ia pertama kali disintesis pada tahun 2003 oleh tim gabungan ilmuwan Rusia dan Amerika di Institut Gabungan untuk Penelitian Nuklir di Dubna, Rusia.

69;15;8;Tm;Tulium\n168.93;Golongan VA;#87CEEB;https://www.innerdoc.com/periodic-table-of-nlp-tasks/80-locations-on-geomap;Thulium memiliki simbol Tm dan nomor atom 69. Ini adalah unsur ketiga belas dalam rangkaian logam lantanida. Ini adalah lantanida paling sedikit kedua di kerak bumi, setelah promethium yang tidak stabil secara radioaktif. Ini adalah logam yang mudah dikerjakan dengan kilau abu-abu keperakan cerah. Titik lebur: 1,545 °C Titik didih: 1,950 °C
101;15;9;Md;Mendelevium\n258\n;Golongan VA;#FF6961;https://www.innerdoc.com/periodic-table-of-nlp-tasks/81-knowledge-graph-visualization;114.	Mendelevium adalah sebuah unsur kimia sintetis dengan lambang Md (sebelumnya Mv) dan nomor atom 101. Ia merupakan salah satu unsur transuranium metalik yang radioaktif dalam deret aktinida. Ia juga merupakan unsur pertama berdasarkan nomor atom yang saat ini tidak dapat diproduksi dalam jumlah makroskopis melalui pemborbardiran neutron terhadap unsur yang lebih ringan. Ia adalah aktinida ketiga terakhir dan unsur transuranium kesembilan. Ia hanya dapat diproduksi dalam akselerator partikel dengan membombardir unsur yang lebih ringan dengan partikel bermuatan. Titik lebur: 827 °C

8;16;2;O;Oksigen\n15.999;Golongan VIA;#bcbddc;https://www.innerdoc.com/periodic-table-of-nlp-tasks/82-knowledge-graph-visualization;Oksigen  memiliki simbol O dan nomor atom 8. Ia adalah anggota kelompok kalkogen dalam tabel periodik, bukan logam yang sangat reaktif, dan zat pengoksidasi yang mudah membentuk oksida dengan sebagian besar unsur serta senyawa lain. Titik lebur: -218.8 °C Titik didih: −182,95 °C
16;16;3;S;Belerang\n32.065;Golongan VIA;#bcbddc;https://www.innerdoc.com/periodic-table-of-nlp-tasks/83-knowledge-graph-visualization;Belerang memiliki simbol S dan nomor atom 16. Ia berlimpah, multivalen dan bukan logam. Dalam kondisi normal, atom belerang membentuk molekul oktatom siklik dengan rumus kimia S₈. Unsur belerang berbentuk padatan kristal berwarna kuning cerah pada suhu kamar. Titik lebur: 112.8 °C Titik didih: 444.6 °C
34;16;4;Se;Selenium\n78.960;Golongan VIA;#bcbddc;https://www.innerdoc.com/periodic-table-of-nlp-tasks/84-knowledge-graph-visualization;Selenium  memiliki simbol Se dan nomor atom 34. Ini adalah bukan logam (lebih jarang dianggap sebagai metaloid ) dengan sifat-sifat yang merupakan perantara antara unsur-unsur di atas dan di bawah dalam tabel periodik , belerang dan telurium , dan juga memiliki kemiripan dengan arsenik . Jarang terjadi dalam keadaan unsurnya atau sebagai senyawa bijih murni di kerak bumi . Titik lebur: 221 °C Titik didih: 685 °C
52;16;5;Te;Telurium\n127.60;Golongan VIA;#bcbddc;https://www.innerdoc.com/periodic-table-of-nlp-tasks/85-knowledge-graph-visualization;Telurium memiliki simbol Te dan nomor atom 52. Ia adalah metaloid putih keperakan yang rapuh, agak beracun, langka. Telurium secara kimia berhubungan dengan selenium dan belerang, ketiganya merupakan kalkogen. Kadang-kadang ditemukan dalam bentuk aslinya sebagai kristal unsur. Titik lebur: 449.5 °C Titik didih: 988 °C
84;16;6;Po;Polonium\n209;Golongan VIA;#bcbddc;https://www.innerdoc.com/periodic-table-of-nlp-tasks/86-knowledge-graph-visualization;Polonium merupakan unsur alam yang sangat langka . Ini ditemukan dalam bijih uranium tetapi tidak ekonomis untuk diekstraksi. Ia diperoleh dengan membombardir bismut-209 dengan neutron untuk menghasilkan bismut-210, yang kemudian meluruh menjadi polonium. Semua polonium yang diproduksi secara komersial di dunia dibuat di Rusia. Titik lebur: 254 °C Titik didih: 962 °C
116;16;7;Lv;Livermorium\n293;Golongan VIA;#bcbddc;https://www.innerdoc.com/periodic-table-of-nlp-tasks/87-knowledge-graph-visualization;75.	Livermorium memiliki simbol Lv dan nomor atom 116. Ini adalah unsur yang sangat radioaktif yang hanya dibuat di laboratorium dan belum teramati di alam.

70;16;8;Yb;Iterbium\n173.04;Golongan VIA;#87CEEB;https://www.innerdoc.com/periodic-table-of-nlp-tasks/86-knowledge-graph-visualization;Ytterbium adalah suatu unsur dalam tabel periodik dengan nomor atom 70 , ditemukan oleh Jean de Marignac pada tahun 1878. Nama unsur ini diambil dari Ytterby, sebuah desa di Swedia. Ini adalah logam tanah liat berwarna putih keperakan, lunak, ulet dan langka. Ia diserang oleh asam kuat dan bereaksi perlahan dengan air dingin dan udara. Titik lebur: 819 °C Titik didih: 1196 °C
102;16;9;No;Nobelium\n259;Golongan VIA;#FF6961;https://www.innerdoc.com/periodic-table-of-nlp-tasks/87-knowledge-graph-visualization;Nobelium adalah unsur kimia sintetik,  memiliki simbol No dan nomor atom 102. Nama ini diambil untuk menghormati Alfred Nobel, penemu dinamit dan dermawan ilmu pengetahuan. Merupakan logam radioaktif, merupakan unsur transuranik kesepuluh dan merupakan anggota kedua dari belakang deret aktinida. Titik lebur: 800 °C



9;17;2;F;Fluorin\n18.998;HALOGEN Golongan VIIA;#bcbddc;https://www.innerdoc.com/periodic-table-of-nlp-tasks/88-knowledge-graph-visualization;Fluor memiliki simbol F dan nomor atom 9. Ini adalah halogen paling ringan dan ada pada kondisi standar sebagai gas diatomik kuning pucat yang sangat beracun. Fluor sangat reaktif, karena bereaksi dengan semua unsur lain kecuali gas inert ringan. Titik lebur: -219.6 °C Titik didih: -188.1 °C
17;17;3;Cl;Klorin\n35.453;HALOGEN Golongan VIIA;#bcbddc;https://www.innerdoc.com/periodic-table-of-nlp-tasks/89-knowledge-graph-visualization;Klorin memiliki simbol Cl dan nomor atom 17. Unsur halogen paling ringan kedua, ia muncul di antara fluor dan brom dalam tabel periodik dan sifat-sifatnya sebagian besar berada di antara keduanya. Klorin adalah gas kuning-hijau pada suhu kamar. Titik lebur: -101.5 °C Titik didih: -34.04 °C
35;17;4;Br;Bromin\n79.904;HALOGEN Golongan VIIA;#bcbddc;https://www.innerdoc.com/periodic-table-of-nlp-tasks/90-knowledge-graph-visualization;Brom mempunyai simbol Br dan nomor atom 35. Ia merupakan cairan berwarna merah kecoklatan yang mudah menguap pada suhu kamar dan mudah menguap untuk membentuk uap berwarna serupa. Sifat-sifatnya berada di antara sifat-sifat klorin dan yodium. Titik lebur: −7,2 °C Titik didih: 58,8 °C
53;17;5;I;Iodin\n126.90;HALOGEN Golongan VIIA;#bcbddc;https://www.innerdoc.com/periodic-table-of-nlp-tasks/91-knowledge-graph-visualization;Iodin atau yodium adalah sebuah unsur kimia dengan lambang I dan nomor atom 53. Menjadi unsur halogen stabil terberat, ia merupakan padatan nonlogam semi-berkilau pada kondisi standar yang melebur membentuk cairan berwarna lembayung tua pada suhu 114 °C (237 °F), dan mendidih menjadi gas berwarna lembayung pada 184 °C (363 °F). Unsur ini ditemukan oleh kimiawan Prancis Bernard Courtois pada tahun 1811 dan diberi nama dua tahun kemudian. Titik lebur: 113,7 °C Titik didih: 184,3 °C
85;17;6;At;Astatin\n210;HALOGEN Golongan VIIA;#bcbddc;https://www.innerdoc.com/periodic-table-of-nlp-tasks/92-knowledge-graph-visualization;Astatin memiliki simbol At dan nomor atom 85. Ia adalah unsur alami paling langka di kerak bumi, hanya terjadi sebagai produk peluruhan berbagai unsur yang lebih berat. Semua isotop astatin berumur pendek,yang paling stabil adalah astatin-210, dengan waktu paruh 8,1 jam. Titik lebur: 301.8 °C
117;17;7;Ts;Tenesin\n294;HALOGEN Golongan VIIA;#bcbddc;https://www.innerdoc.com/periodic-table-of-nlp-tasks/93-knowledge-graph-visualization;Tennessine adalah unsur kimia sintetis, memiliki simbol Ts dan nomor atom 117. Ia memiliki nomor atom tertinggi kedua dan massa atom tertinggi gabungan dari semua unsur yang diketahui, dan merupakan unsur kedua dari belakang periode ke-7 tabel periodik. Titik lebur: 350–550 °C Titik didih: 610 °C

71;17;8;Lu;Lutesium\n174.97;HALOGEN Golongan VIIA;#87CEEB;https://www.innerdoc.com/periodic-table-of-nlp-tasks/92-knowledge-graph-visualization;Lutetium memiliki simbol Lu dan nomor atom 71. Ini adalah logam putih keperakan, yang tahan korosi di udara kering, tetapi tidak di udara lembab. Titik lebur: 1,663 °C Titik didih: 3402 °C
103;17;9;Lr;Lawrensium\n262;HALOGEN Golongan VIIA;#FF6961;https://www.innerdoc.com/periodic-table-of-nlp-tasks/93-knowledge-graph-visualization;Lawrencium adalah unsur kimia sintetik, memiliki simbol Lr (sebelumnya Lw ) dan nomor atom 103. Nama ini diambil untuk menghormati Ernest Lawrence , penemu siklotron , perangkat yang digunakan untuk menemukan banyak unsur radioaktif buatan . Logam radioaktif , lawrensium adalah unsur transuranik kesebelas dan anggota terakhir deret aktinida . Seperti semua unsur dengan nomor atom lebih dari 100, lawrensium hanya dapat diproduksi dalam akselerator partikel dengan membombardir unsur yang lebih ringan dengan partikel bermuatan. Titik lebur: 1600 °C

2;18;1;H;Helium\n4.0026;GAS MULIA Golongan VIIIA;#fdd0a2;https://www.innerdoc.com/periodic-table-of-nlp-tasks/94-knowledge-graph-visualization;Helium memiliki simbol He dan nomor atom 2. Ia adalah gas monatomik yang tidak berwarna, tidak berbau, tidak berasa, tidak beracun, inert dan yang pertama dalam kelompok gas mulia dalam tabel periodik. Titik didihnya paling rendah di antara semua unsur, dan tidak mempunyai titik leleh pada tekanan standar. Titik didih: −268,928 °C
10;18;2;Ne;Neon\n420.780;GAS MULIA Golongan VIIIA;#fdd0a2;https://www.innerdoc.com/periodic-table-of-nlp-tasks/95-knowledge-graph-visualization;Neon memiliki simbol Ne dan nomor atom 10. Ia adalah gas mulia kedua dalam tabel periodik. Neon adalah gas monatomik inert yang tidak berwarna, tidak berbau, dalam kondisi standar, dengan kepadatan sekitar dua pertiga udara. Titik lebur: -248.6 °C Titik didih: −246,046 °C
18;18;3;Ar;Argon\n39.948;GAS MULIA Golongan VIIIA;#fdd0a2;https://www.innerdoc.com/periodic-table-of-nlp-tasks/96-knowledge-graph-visualization;Argon  memiliki simbol Ar dan nomor atom 18. Ia berada di golongan 18 tabel periodik dan merupakan gas mulia. Argon merupakan gas ketiga terbanyak di atmosfer bumi, yaitu 0,934%. Titik lebur: -189.4 °C Titik didih: -185.8 °C
36;18;4;Kr;Kripton\n83.798;GAS MULIA Golongan VIIIA;#fdd0a2;https://www.innerdoc.com/periodic-table-of-nlp-tasks/97-knowledge-graph-visualization;Krypton memiliki simbol Kr dan nomor atom 36. Ini adalah gas mulia yang tidak berwarna, tidak berbau, dan tidak berasa yang terdapat dalam jumlah kecil di atmosfer dan sering digunakan dengan gas langka lainnya dalam lampu neon. Krypton bersifat inert secara kimia. Titik lebur: -157.4 °C Titik didih: -153.4 °C
54;18;5;Xe;Xenon\n131.29;GAS MULIA Golongan VIIIA;#fdd0a2;https://www.innerdoc.com/periodic-table-of-nlp-tasks/98-knowledge-graph-visualization;Xenon memiliki simbol Xe dan nomor atom 54. Ia adalah gas mulia padat, tidak berwarna, dan tidak berbau yang ditemukan di atmosfer bumi dalam jumlah kecil. Titik lebur: −111,75 °C Titik didih: −108,099 °C
86;18;6;Rn;Radon\n222;GAS MULIA Golongan VIIIA;#fdd0a2;https://www.innerdoc.com/periodic-table-of-nlp-tasks/99-knowledge-graph-visualization;Radon memiliki simbol Rn dan nomor atom 86. Ia adalah gas mulia radioaktif dan tidak berwarna serta tidak berbau. Dari tiga isotop radon yang terbentuk secara alami, hanya radon-222 yang memiliki waktu paruh yang cukup lama untuk dilepaskan dari tanah dan batuan tempat ia dihasilkan. Titik lebur: −71 °C Titik didih: −61,7
118;18;7;Og;Oganeson\n294;GAS MULIA Golongan VIIIA;#fdd0a2;https://www.innerdoc.com/periodic-table-of-nlp-tasks/100-knowledge-graph-visualization;Oganesson adalah unsur kimia sintetis, memiliki simbol Og dan nomor atom 118. Ia pertama kali disintesis pada tahun 2002 di Institut Gabungan untuk Penelitian Nuklir di Dubna, dekat Moskow, Rusia, oleh tim gabungan ilmuwan Rusia dan Amerika. Titik lebur: 52 ± 15  °C Titik didih: 177 ± 10  °C
